<chapter id="Assert">
@@style@@
    <title>Assert Task</title>
    
<para>
The Assert task adds an assertion capability to Ant projects. This task works in a manner very similar to the Java <computeroutput>assert</computeroutput> keyword, and provides a limited "design by contract" facility to Ant. This is very useful for testing build scripts prior to putting them into production.
</para>

<para>
The Assert task verifies that a given property has a 
given value and throws a BuildException if the property value is not as expected 
or the property does not exist.
</para>

<para>
Also like Java's <computeroutput>assert</computeroutput> keyword, the Assert task must be 'turned on' using the property <computeroutput>ant.enable.asserts</computeroutput>. If not set, or is set to <computeroutput>false</computeroutput>, the Assert task works exactly like the Sequential task. If the <link linkend="Variable">Variable task</link> is used to define this property, then it can be turned on and off as needed throughout a build. 
</para>

<para>
This task can hold other tasks including Assert.
</para>

<para>
The Assert task may contain one 'bool' element. The 'bool' element is identical to the ConditionTask, but unlike the ConditionTask, is actually a Task. The 'bool' element can contain all the conditions permitted by the ConditionTask, plus the <link linkend="conditionals">IsPropertyTrue</link>, <link linkend="conditionals">IsPropertyFalse</link>,
<link linkend="conditionals">StartsWith</link>,
<link linkend="conditionals">EndsWith</link>,
<link linkend="conditionals">IsGreaterThan</link>,
<link linkend="conditionals">IsLessThan</link> and conditions.
See the If task for examples of using these conditionals.
</para>

<para>
To use this task in your build files, include a task definition like this:
</para>

<para>
<programlisting>
<![CDATA[
    <taskdef name="assert" classname="ise.antelope.tasks.Assert"/>
    <property name="ant.enable.asserts" value="true"/>
]]>    
</programlisting>
</para>

<para>
<table frame="all">
<title>Assert Task Attributes</title>
<tgroup cols="4">
<thead>

<row>
<entry>Attribute</entry>
<entry>Description</entry>
<entry>Default</entry>
<entry>Required</entry>
</row>
</thead>

<tbody>
<row>
<entry>name</entry>
<entry>The name of the property to test for.</entry>
<entry>none</entry>
<entry>Yes</entry>
</row>

<row>
<entry>exists</entry>
<entry>Test for existence or non-existence of the property.</entry>
<entry>True</entry>
<entry>No</entry>
</row>

<row>
<entry>value</entry>
<entry>The value to test for, implies 'exists=true'. If the value in the project is different than this value, a BuildException will be thrown and the build will stop.</entry>
<entry>none</entry>
<entry>No</entry>
</row>

<row>
<entry>execute</entry>
<entry>Should the tasks contained in this task be executed? It may be useful to set this to false when testing build files.</entry>
<entry>True</entry>
<entry>No</entry>
</row>

<row>
<entry>failonerror</entry>
<entry>Should the build halt if the assertion fails? Setting this to false is contrary to the intented use of assertions, but may be useful in certain situations. </entry>
<entry>True</entry>
<entry>No</entry>
</row>

<row>
<entry>message</entry>
<entry>A message to include with the output in the event of this assert failing.</entry>
<entry>none</entry>
<entry>No</entry>
</row>

</tbody>
</tgroup>
</table>

</para>

<para>
As stated above, the Assert task may contain a nested "bool" task, otherwise,
the Assert task does not support any nested 
elements apart from Ant tasks. Any valid Ant task may be embedded within the 
assert task.
</para>

<para>
In the following example, the first <computeroutput>assert</computeroutput> task checks that the <computeroutput>wait</computeroutput> property exists and does not execute the <computeroutput>echo</computeroutput> and <computeroutput>sleep</computeroutput> tasks. The second <computeroutput>assert</computeroutput> task checks that the <computeroutput>wait</computeroutput> property exists, has a value of 2, and executes the <computeroutput>echo</computeroutput> task.
</para>

<para>
<programlisting>
<![CDATA[
     <property name="wait" value="2"/>
     <assert name="wait" execute="false">
        <echo>
            Waiting ${wait} seconds...
            Click the red button to stop waiting.
        </echo>
        <sleep seconds="${wait}"/>
     </assert>
     <assert name="wait" value="2" execute="true">
        <echo>done waiting!</echo>
     </assert>
]]>     
</programlisting>
</para>

<para>
The next example shows Assert being used in a unit test for the "limit" task:
<programlisting>
<![CDATA[
  <property name="ant.enable.asserts" value="true"/> 
  <target name="test2">
    <!-- should not stop 'sleep' task, should print out '_passed_' -->
    <stopwatch name="timer"/>
    <limit maxwait="5">
        <sleep seconds="1"/>
        <echo>_passed_</echo>
    </limit>
    <stopwatch name="timer" action="total"/>
    <assert message="Too much time.">
        <bool>
            <islessthan arg1="${timer}" arg2="2"/>
        </bool>
    </assert>
  </target>
]]>     
</programlisting>
</para>

<para>
If the <computeroutput>ant.enable.asserts</computeroutput> property is set to false, then in the above example, the <computeroutput>echo</computeroutput>, <computeroutput>sleep</computeroutput>, and <computeroutput>echo</computeroutput> tasks will all execute.
</para>
    
</chapter>

